   Arrecife;37,6
   Arrecife;37,3
   Arrecife;37
   Arrecife;36,7
   Arrecife;36,3
   Arrecife;35,9
   Arrecife;35,5
   Arrecife;34,9
   Arrecife;34,5
   Arrecife;34,1
   Arrecife;34
   Arrecife;33,8
   Arrecife;33,6
   Arrecife;33,5
   Arrecife;33,1
   Arrecife;33
   Arrecife;32,9
   Arrecife;32,7
   Haría;45
   Haría;44,9
   Haría;44,3
   Haría;43,8
   Haría;43,2
   Haría;43,1
   Haría;42,7
   Haría;42,1
   Haría;41,6
   Haría;41,2
   Haría;40,7
   Haría;40,3
   Haría;39,8
   Haría;39,5
   Haría;39,3
   Haría;39,1
   Haría;39
   Haría;38,7
   San Bartolomé;38,1
   San Bartolomé;37,7
   San Bartolomé;37,5
   San Bartolomé;37,3
   San Bartolomé;36,9
   San Bartolomé;36,4
   San Bartolomé;35,8
   San Bartolomé;35,3
   San Bartolomé;34,7
   San Bartolomé;34,3
   San Bartolomé;33,8
   San Bartolomé;33,3
   San Bartolomé;32,9
   San Bartolomé;32,4
   San Bartolomé;32,2
   San Bartolomé;32
   San Bartolomé;32
   San Bartolomé;31,9
   Teguise;39,4
   Teguise;39,1
   Teguise;38,7
   Teguise;38,3
   Teguise;38
   Teguise;37,7
   Teguise;37,2
   Teguise;36,9
   Teguise;36,5
   Teguise;36,2
   Teguise;35,9
   Teguise;35,6
   Teguise;35,2
   Teguise;35
   Teguise;35
   Teguise;34,7
   Teguise;34,5
   Teguise;34,1
   Tías;40,6
   Tías;40,3
   Tías;39,8
   Tías;39,4
   Tías;39,4
   Tías;39,3
   Tías;39
   Tías;38,5
   Tías;37,8
   Tías;37,1
   Tías;36,6
   Tías;36
   Tías;35,3
   Tías;34,7
   Tías;34,6
   Tías;34,1
   Tías;33,7
   Tías;33,3
   Tinajo;38,9
   Tinajo;38,5
   Tinajo;38,5
   Tinajo;38,2
   Tinajo;37,8
   Tinajo;37,4
   Tinajo;36,9
   Tinajo;36,7
   Tinajo;36,6
   Tinajo;36
   Tinajo;35,7
   Tinajo;35,5
   Tinajo;35,4
   Tinajo;35,1
   Tinajo;34,7
   Tinajo;34,2
   Tinajo;34,2
   Tinajo;34,1
   Yaiza;37,1
   Yaiza;37
   Yaiza;37,1
   Yaiza;36,8
   Yaiza;37,4
   Yaiza;37,1
   Yaiza;36,9
   Yaiza;36,4
   Yaiza;35,9
   Yaiza;35,4
   Yaiza;35,7
   Yaiza;35,4
   Yaiza;34,9
   Yaiza;34,2
   Yaiza;34,4
   Yaiza;33,8
   Yaiza;33,6
   Yaiza;33,4
   Antigua;40,6
   Antigua;40
   Antigua;39,7
   Antigua;39,5
   Antigua;39
   Antigua;38,3
   Antigua;37,7
   Antigua;37,1
   Antigua;36,2
   Antigua;35,8
   Antigua;35,1
   Antigua;34,6
   Antigua;34,2
   Antigua;33,8
   Antigua;33
   Antigua;32,2
   Antigua;32,1
   Antigua;32,1
   Betancuria;44,7
   Betancuria;44,6
   Betancuria;44,4
   Betancuria;44
   Betancuria;44,3
   Betancuria;43,7
   Betancuria;43,5
   Betancuria;42,9
   Betancuria;44,9
   Betancuria;43,8
   Betancuria;42,6
   Betancuria;42,1
   Betancuria;41,3
   Betancuria;40,8
   Betancuria;40,5
   Betancuria;41
   Betancuria;40,4
   Betancuria;39,7
   Oliva (La);38,1
   Oliva (La);37,8
   Oliva (La);37,5
   Oliva (La);37,1
   Oliva (La);36,9
   Oliva (La);36,5
   Oliva (La);35,8
   Oliva (La);35,4
   Oliva (La);34,8
   Oliva (La);34,3
   Oliva (La);33,9
   Oliva (La);33,5
   Oliva (La);32,9
   Oliva (La);32,7
   Oliva (La);32,7
   Oliva (La);32,4
   Oliva (La);32,4
   Oliva (La);32,2
   Pájara;36,4
   Pájara;36,1
   Pájara;35,9
   Pájara;35,8
   Pájara;36,4
   Pájara;36
   Pájara;35,6
   Pájara;35,1
   Pájara;34,6
   Pájara;34,2
   Pájara;33,7
   Pájara;33,4
   Pájara;32,9
   Pájara;32,5
   Pájara;32,1
   Pájara;31,5
   Pájara;31,1
   Pájara;30,6
   Puerto del Rosario;36,7
   Puerto del Rosario;36,3
   Puerto del Rosario;35,9
   Puerto del Rosario;35,5
   Puerto del Rosario;35
   Puerto del Rosario;34,6
   Puerto del Rosario;34,2
   Puerto del Rosario;33,8
   Puerto del Rosario;33,4
   Puerto del Rosario;33,1
   Puerto del Rosario;33,2
   Puerto del Rosario;33,5
   Puerto del Rosario;32,7
   Puerto del Rosario;32,4
   Puerto del Rosario;32,1
   Puerto del Rosario;32,3
   Puerto del Rosario;31,8
   Puerto del Rosario;31,5
   Tuineje;37,6
   Tuineje;37,4
   Tuineje;37,1
   Tuineje;36,8
   Tuineje;36,6
   Tuineje;36,2
   Tuineje;35,8
   Tuineje;35,2
   Tuineje;34,6
   Tuineje;34,3
   Tuineje;33,8
   Tuineje;33,6
   Tuineje;33,2
   Tuineje;33,2
   Tuineje;32,7
   Tuineje;32,4
   Tuineje;32
   Tuineje;31,8
   Agaete;44,4
   Agaete;44
   Agaete;43,7
   Agaete;43,4
   Agaete;43,2
   Agaete;42,8
   Agaete;42,5
   Agaete;42
   Agaete;41,4
   Agaete;41,3
   Agaete;40,6
   Agaete;40,1
   Agaete;39,7
   Agaete;39,7
   Agaete;39,8
   Agaete;39,5
   Agaete;39,3
   Agaete;38,8
   Agüimes;38,6
   Agüimes;38,2
   Agüimes;37,8
   Agüimes;37,3
   Agüimes;36,8
   Agüimes;36,4
   Agüimes;35,9
   Agüimes;35,4
   Agüimes;35
   Agüimes;34,7
   Agüimes;34,4
   Agüimes;34,2
   Agüimes;34
   Agüimes;33,8
   Agüimes;33,4
   Agüimes;33,2
   Agüimes;33
   Agüimes;32,6
   Artenara;49,9
   Artenara;49,5
   Artenara;48,7
   Artenara;48,4
   Artenara;47,7
   Artenara;47,2
   Artenara;46,9
   Artenara;46,4
   Artenara;45,6
   Artenara;45,1
   Artenara;44,5
   Artenara;44,1
   Artenara;43,1
   Artenara;41,8
   Artenara;41,6
   Artenara;40,7
   Artenara;39,5
   Artenara;38,5
   Arucas;41,4
   Arucas;40,9
   Arucas;40,6
   Arucas;40,2
   Arucas;39,9
   Arucas;39,5
   Arucas;38,9
   Arucas;38,5
   Arucas;38,2
   Arucas;38,1
   Arucas;37,7
   Arucas;37,4
   Arucas;37,2
   Arucas;37
   Arucas;36,6
   Arucas;36,3
   Arucas;36,1
   Arucas;35,8
   Firgas;42
   Firgas;41,9
   Firgas;41,6
   Firgas;41,1
   Firgas;40,4
   Firgas;40
   Firgas;39,8
   Firgas;39,5
   Firgas;39,4
   Firgas;39,2
   Firgas;38,9
   Firgas;38,6
   Firgas;38,2
   Firgas;38
   Firgas;37,5
   Firgas;37,4
   Firgas;37
   Firgas;36,6
   Gáldar;42
   Gáldar;41,6
   Gáldar;41,2
   Gáldar;40,8
   Gáldar;40,5
   Gáldar;40,2
   Gáldar;39,8
   Gáldar;39,3
   Gáldar;38,9
   Gáldar;38,7
   Gáldar;38,3
   Gáldar;38,2
   Gáldar;38
   Gáldar;37,8
   Gáldar;37,4
   Gáldar;36,9
   Gáldar;36,7
   Gáldar;36,3
   Ingenio;39,3
   Ingenio;38,9
   Ingenio;38,5
   Ingenio;38,1
   Ingenio;37,7
   Ingenio;37,2
   Ingenio;36,8
   Ingenio;36,4
   Ingenio;36,1
   Ingenio;35,7
   Ingenio;35,5
   Ingenio;35,1
   Ingenio;35
   Ingenio;34,6
   Ingenio;34,3
   Ingenio;34
   Ingenio;33,7
   Ingenio;33,5
   Mogán;41,2
   Mogán;41,2
   Mogán;41,3
   Mogán;41
   Mogán;40,4
   Mogán;40,6
   Mogán;39,9
   Mogán;39,1
   Mogán;38,3
   Mogán;37,4
   Mogán;36,9
   Mogán;36,8
   Mogán;36,2
   Mogán;35,6
   Mogán;35,6
   Mogán;34,9
   Mogán;34,4
   Mogán;33,9
   Moya;44,3
   Moya;44
   Moya;43,9
   Moya;43,4
   Moya;42,8
   Moya;42,5
   Moya;42,2
   Moya;41,7
   Moya;41,5
   Moya;41,2
   Moya;41,4
   Moya;41,7
   Moya;41,6
   Moya;41,3
   Moya;40,7
   Moya;40,1
   Moya;39,3
   Moya;38,6
   Palmas de Gran Canaria (Las);42,6
   Palmas de Gran Canaria (Las);42,2
   Palmas de Gran Canaria (Las);41,8
   Palmas de Gran Canaria (Las);41,4
   Palmas de Gran Canaria (Las);41
   Palmas de Gran Canaria (Las);40,6
   Palmas de Gran Canaria (Las);40,2
   Palmas de Gran Canaria (Las);39,8
   Palmas de Gran Canaria (Las);39,5
   Palmas de Gran Canaria (Las);39,2
   Palmas de Gran Canaria (Las);38,9
   Palmas de Gran Canaria (Las);38,6
   Palmas de Gran Canaria (Las);38,3
   Palmas de Gran Canaria (Las);37,8
   Palmas de Gran Canaria (Las);37,5
   Palmas de Gran Canaria (Las);37,3
   Palmas de Gran Canaria (Las);37
   Palmas de Gran Canaria (Las);36,7
   San Bartolomé de Tirajana;41,3
   San Bartolomé de Tirajana;41
   San Bartolomé de Tirajana;40,9
   San Bartolomé de Tirajana;40,5
   San Bartolomé de Tirajana;40,5
   San Bartolomé de Tirajana;40
   San Bartolomé de Tirajana;39,5
   San Bartolomé de Tirajana;38,9
   San Bartolomé de Tirajana;38,3
   San Bartolomé de Tirajana;37,6
   San Bartolomé de Tirajana;37
   San Bartolomé de Tirajana;36,5
   San Bartolomé de Tirajana;36
   San Bartolomé de Tirajana;35,5
   San Bartolomé de Tirajana;35,2
   San Bartolomé de Tirajana;35,3
   San Bartolomé de Tirajana;34,8
   San Bartolomé de Tirajana;34,1
   Aldea de San Nicolás (La);43,3
   Aldea de San Nicolás (La);42,9
   Aldea de San Nicolás (La);42,3
   Aldea de San Nicolás (La);41,7
   Aldea de San Nicolás (La);41,2
   Aldea de San Nicolás (La);40,4
   Aldea de San Nicolás (La);40,2
   Aldea de San Nicolás (La);39,7
   Aldea de San Nicolás (La);39,3
   Aldea de San Nicolás (La);39,3
   Aldea de San Nicolás (La);38,7
   Aldea de San Nicolás (La);38,3
   Aldea de San Nicolás (La);38,1
   Aldea de San Nicolás (La);38,1
   Aldea de San Nicolás (La);37,3
   Aldea de San Nicolás (La);37,2
   Aldea de San Nicolás (La);36,9
   Aldea de San Nicolás (La);36,8
   Santa Brígida;43
   Santa Brígida;42,6
   Santa Brígida;42,1
   Santa Brígida;41,6
   Santa Brígida;41
   Santa Brígida;40,5
   Santa Brígida;40
   Santa Brígida;39,6
   Santa Brígida;39,1
   Santa Brígida;38,6
   Santa Brígida;38,2
   Santa Brígida;37,8
   Santa Brígida;37,4
   Santa Brígida;37
   Santa Brígida;36,5
   Santa Brígida;36,1
   Santa Brígida;35,8
   Santa Brígida;35,4
   Santa Lucía;37,6
   Santa Lucía;37,2
   Santa Lucía;36,7
   Santa Lucía;36,4
   Santa Lucía;35,9
   Santa Lucía;35,5
   Santa Lucía;35
   Santa Lucía;34,5
   Santa Lucía;34
   Santa Lucía;33,7
   Santa Lucía;33,3
   Santa Lucía;33,1
   Santa Lucía;32,7
   Santa Lucía;32,5
   Santa Lucía;32,2
   Santa Lucía;31,9
   Santa Lucía;31,8
   Santa Lucía;31,4
   Santa María de Guía;43,3
   Santa María de Guía;42,9
   Santa María de Guía;42,8
   Santa María de Guía;42,3
   Santa María de Guía;42,1
   Santa María de Guía;41,4
   Santa María de Guía;40,8
   Santa María de Guía;40,6
   Santa María de Guía;40,4
   Santa María de Guía;40
   Santa María de Guía;39,7
   Santa María de Guía;39,5
   Santa María de Guía;39,1
   Santa María de Guía;38,7
   Santa María de Guía;38,1
   Santa María de Guía;38
   Santa María de Guía;37,6
   Santa María de Guía;37,3
   Tejeda;51,2
   Tejeda;50,4
   Tejeda;49,7
   Tejeda;49,5
   Tejeda;49,1
   Tejeda;48,7
   Tejeda;48,4
   Tejeda;47,7
   Tejeda;46,9
   Tejeda;46,3
   Tejeda;45,6
   Tejeda;45,2
   Tejeda;44,9
   Tejeda;44,9
   Tejeda;44,2
   Tejeda;43,7
   Tejeda;43
   Tejeda;42
   Telde;40
   Telde;39,6
   Telde;39,2
   Telde;38,7
   Telde;38,2
   Telde;37,8
   Telde;37,3
   Telde;36,9
   Telde;36,5
   Telde;36,1
   Telde;35,7
   Telde;35,3
   Telde;35
   Telde;34,7
   Telde;34,4
   Telde;34
   Telde;33,7
   Telde;33,4
   Teror;43
   Teror;42,7
   Teror;42,4
   Teror;42
   Teror;41,5
   Teror;41
   Teror;40,6
   Teror;40,2
   Teror;39,9
   Teror;39,7
   Teror;40,1
   Teror;39,8
   Teror;39,2
   Teror;38,6
   Teror;38,3
   Teror;37,7
   Teror;37,5
   Teror;37,4
   Valsequillo;40
   Valsequillo;39,5
   Valsequillo;38,9
   Valsequillo;38,4
   Valsequillo;37,9
   Valsequillo;37,6
   Valsequillo;37,4
   Valsequillo;37
   Valsequillo;36,5
   Valsequillo;36,2
   Valsequillo;36
   Valsequillo;36
   Valsequillo;35,5
   Valsequillo;35,2
   Valsequillo;34,9
   Valsequillo;34,5
   Valsequillo;34,6
   Valsequillo;34,3
   Valleseco;47
   Valleseco;46,7
   Valleseco;46,2
   Valleseco;45,5
   Valleseco;45,3
   Valleseco;44,8
   Valleseco;44,3
   Valleseco;43,8
   Valleseco;43,1
   Valleseco;42,9
   Valleseco;42,7
   Valleseco;42,3
   Valleseco;41,9
   Valleseco;41,2
   Valleseco;40,6
   Valleseco;40,3
   Valleseco;40,2
   Valleseco;39,9
   Vega de San Mateo;43,5
   Vega de San Mateo;43
   Vega de San Mateo;42,5
   Vega de San Mateo;42
   Vega de San Mateo;41,7
   Vega de San Mateo;41,3
   Vega de San Mateo;40,9
   Vega de San Mateo;40,3
   Vega de San Mateo;40,1
   Vega de San Mateo;39,9
   Vega de San Mateo;39,6
   Vega de San Mateo;38,9
   Vega de San Mateo;38,3
   Vega de San Mateo;38
   Vega de San Mateo;37,4
   Vega de San Mateo;37,2
   Vega de San Mateo;37,2
   Vega de San Mateo;36,8
   Adeje;37,9
   Adeje;37,6
   Adeje;37,3
   Adeje;37,4
   Adeje;38,2
   Adeje;37,7
   Adeje;37,3
   Adeje;37
   Adeje;36,4
   Adeje;36,2
   Adeje;35,7
   Adeje;35
   Adeje;34,8
   Adeje;34,2
   Adeje;34,3
   Adeje;33,7
   Adeje;33,4
   Adeje;35
   Arafo;42,7
   Arafo;42,4
   Arafo;42,4
   Arafo;42,5
   Arafo;41,9
   Arafo;41,8
   Arafo;41,7
   Arafo;41,5
   Arafo;41,3
   Arafo;41,8
   Arafo;41,5
   Arafo;41,5
   Arafo;41
   Arafo;40,5
   Arafo;40,4
   Arafo;40,2
   Arafo;40,8
   Arafo;40,5
   Arico;43,1
   Arico;42,8
   Arico;42,6
   Arico;42,5
   Arico;41,6
   Arico;42,8
   Arico;42,5
   Arico;42,1
   Arico;41,7
   Arico;41,1
   Arico;40,7
   Arico;40,4
   Arico;39,9
   Arico;39,5
   Arico;39
   Arico;39
   Arico;39,2
   Arico;39
   Arona;38,7
   Arona;38,6
   Arona;38,7
   Arona;38,9
   Arona;39
   Arona;38,7
   Arona;38,1
   Arona;38,1
   Arona;37,5
   Arona;36,9
   Arona;36,3
   Arona;35,9
   Arona;35,3
   Arona;34,6
   Arona;34,2
   Arona;33,7
   Arona;33,8
   Arona;33,4
   Buenavista del Norte;45,7
   Buenavista del Norte;45,5
   Buenavista del Norte;45,2
   Buenavista del Norte;44,8
   Buenavista del Norte;44,8
   Buenavista del Norte;44,5
   Buenavista del Norte;44
   Buenavista del Norte;43,4
   Buenavista del Norte;42,8
   Buenavista del Norte;42,5
   Buenavista del Norte;42,2
   Buenavista del Norte;41,8
   Buenavista del Norte;41,2
   Buenavista del Norte;40,7
   Buenavista del Norte;40,1
   Buenavista del Norte;39,9
   Buenavista del Norte;39,9
   Buenavista del Norte;40,3
   Candelaria;40,6
   Candelaria;40,2
   Candelaria;39,9
   Candelaria;39,7
   Candelaria;39,1
   Candelaria;38,8
   Candelaria;38,5
   Candelaria;38,1
   Candelaria;37,8
   Candelaria;37,7
   Candelaria;37,4
   Candelaria;37,2
   Candelaria;36,8
   Candelaria;36,6
   Candelaria;36,6
   Candelaria;37
   Candelaria;37,7
   Candelaria;37
   Fasnia;46,9
   Fasnia;46,6
   Fasnia;46,5
   Fasnia;46,1
   Fasnia;45,9
   Fasnia;45,7
   Fasnia;45,5
   Fasnia;45,6
   Fasnia;45,6
   Fasnia;45,1
   Fasnia;44,4
   Fasnia;44,2
   Fasnia;44
   Fasnia;43,9
   Fasnia;43,8
   Fasnia;44,1
   Fasnia;44
   Fasnia;44,1
   Garachico;46,5
   Garachico;46,1
   Garachico;45,7
   Garachico;45,6
   Garachico;45
   Garachico;44,6
   Garachico;44,4
   Garachico;43,8
   Garachico;43,4
   Garachico;43
   Garachico;42,5
   Garachico;42,2
   Garachico;41,7
   Garachico;41,1
   Garachico;40,8
   Garachico;40,4
   Garachico;40,2
   Garachico;40,4
   Granadilla de Abona;37,6
   Granadilla de Abona;37,5
   Granadilla de Abona;37,4
   Granadilla de Abona;37,1
   Granadilla de Abona;37,1
   Granadilla de Abona;36,6
   Granadilla de Abona;36,2
   Granadilla de Abona;35,8
   Granadilla de Abona;35,4
   Granadilla de Abona;35
   Granadilla de Abona;34,9
   Granadilla de Abona;34,7
   Granadilla de Abona;34,5
   Granadilla de Abona;34,2
   Granadilla de Abona;34
   Granadilla de Abona;34
   Granadilla de Abona;35,7
   Granadilla de Abona;35
   Guancha (La);43,4
   Guancha (La);43,1
   Guancha (La);43
   Guancha (La);42,5
   Guancha (La);42,2
   Guancha (La);42
   Guancha (La);41,7
   Guancha (La);41,4
   Guancha (La);41
   Guancha (La);40,9
   Guancha (La);40,5
   Guancha (La);40,2
   Guancha (La);39,9
   Guancha (La);39,7
   Guancha (La);39,5
   Guancha (La);39,2
   Guancha (La);39
   Guancha (La);38,5
   Guía de Isora;40,2
   Guía de Isora;39,9
   Guía de Isora;39,7
   Guía de Isora;39,7
   Guía de Isora;39,8
   Guía de Isora;39,2
   Guía de Isora;38,7
   Guía de Isora;38,2
   Guía de Isora;37,6
   Guía de Isora;37,2
   Guía de Isora;37
   Guía de Isora;36,5
   Guía de Isora;36,1
   Guía de Isora;35,5
   Guía de Isora;35,1
   Guía de Isora;34,9
   Guía de Isora;35,1
   Guía de Isora;34,9
   Güimar;41,9
   Güimar;41,6
   Güimar;41,4
   Güimar;41,1
   Güimar;41
   Güimar;40,8
   Güimar;40,8
   Güimar;40,8
   Güimar;40,4
   Güimar;40,2
   Güimar;40
   Güimar;39,7
   Güimar;39,6
   Güimar;39,2
   Güimar;39
   Güimar;38,8
   Güimar;38,8
   Güimar;38,8
   Icod de Los Vinos;43,7
   Icod de Los Vinos;43,4
   Icod de Los Vinos;43,1
   Icod de Los Vinos;42,6
   Icod de Los Vinos;42,6
   Icod de Los Vinos;41,6
   Icod de Los Vinos;41,1
   Icod de Los Vinos;40,8
   Icod de Los Vinos;40,4
   Icod de Los Vinos;39,9
   Icod de Los Vinos;39,4
   Icod de Los Vinos;39
   Icod de Los Vinos;38,4
   Icod de Los Vinos;38
   Icod de Los Vinos;37,8
   Icod de Los Vinos;37,9
   Icod de Los Vinos;37,6
   Icod de Los Vinos;37,7
   Laguna (La);41,5
   Laguna (La);41,1
   Laguna (La);40,8
   Laguna (La);40,4
   Laguna (La);40
   Laguna (La);39,6
   Laguna (La);39,2
   Laguna (La);38,8
   Laguna (La);38,5
   Laguna (La);38,3
   Laguna (La);38,5
   Laguna (La);38,4
   Laguna (La);38
   Laguna (La);37,7
   Laguna (La);37,3
   Laguna (La);36,8
   Laguna (La);36,6
   Laguna (La);36,1
   Matanza de Acentejo (La);40,4
   Matanza de Acentejo (La);40,2
   Matanza de Acentejo (La);39,9
   Matanza de Acentejo (La);39,6
   Matanza de Acentejo (La);39,6
   Matanza de Acentejo (La);39,4
   Matanza de Acentejo (La);39,4
   Matanza de Acentejo (La);39,2
   Matanza de Acentejo (La);38,8
   Matanza de Acentejo (La);38,5
   Matanza de Acentejo (La);38,3
   Matanza de Acentejo (La);38,1
   Matanza de Acentejo (La);37,9
   Matanza de Acentejo (La);37,5
   Matanza de Acentejo (La);37,3
   Matanza de Acentejo (La);37,1
   Matanza de Acentejo (La);36,7
   Matanza de Acentejo (La);36,2
   Orotava (La);41,2
   Orotava (La);40,9
   Orotava (La);40,5
   Orotava (La);40,2
   Orotava (La);39,8
   Orotava (La);39,7
   Orotava (La);39,3
   Orotava (La);39
   Orotava (La);38,6
   Orotava (La);38,2
   Orotava (La);38
   Orotava (La);37,8
   Orotava (La);37,4
   Orotava (La);36,9
   Orotava (La);36,5
   Orotava (La);36,3
   Orotava (La);36
   Orotava (La);36,2
   Puerto de La Cruz;45,8
   Puerto de La Cruz;45,3
   Puerto de La Cruz;45
   Puerto de La Cruz;44,9
   Puerto de La Cruz;45,2
   Puerto de La Cruz;45,8
   Puerto de La Cruz;45,1
   Puerto de La Cruz;44,5
   Puerto de La Cruz;44
   Puerto de La Cruz;43,5
   Puerto de La Cruz;43
   Puerto de La Cruz;42,5
   Puerto de La Cruz;41,8
   Puerto de La Cruz;41,2
   Puerto de La Cruz;42
   Puerto de La Cruz;41
   Puerto de La Cruz;40,9
   Puerto de La Cruz;39,7
   Realejos (Los);41,5
   Realejos (Los);41,1
   Realejos (Los);40,8
   Realejos (Los);40,4
   Realejos (Los);40,6
   Realejos (Los);40,2
   Realejos (Los);39,9
   Realejos (Los);39,8
   Realejos (Los);39,3
   Realejos (Los);38,8
   Realejos (Los);38,2
   Realejos (Los);37,9
   Realejos (Los);37,4
   Realejos (Los);36,9
   Realejos (Los);36,6
   Realejos (Los);36,4
   Realejos (Los);35,8
   Realejos (Los);36
   Rosario (El);40,4
   Rosario (El);40,2
   Rosario (El);39,7
   Rosario (El);39,3
   Rosario (El);39
   Rosario (El);38,6
   Rosario (El);38,1
   Rosario (El);37,5
   Rosario (El);37,2
   Rosario (El);36,9
   Rosario (El);36,7
   Rosario (El);36,7
   Rosario (El);36,1
   Rosario (El);35,7
   Rosario (El);35,4
   Rosario (El);35,1
   Rosario (El);35
   Rosario (El);34,5
   San Juan de La Rambla;43,1
   San Juan de La Rambla;42,4
   San Juan de La Rambla;41,7
   San Juan de La Rambla;41,4
   San Juan de La Rambla;41,2
   San Juan de La Rambla;41
   San Juan de La Rambla;40,9
   San Juan de La Rambla;40,5
   San Juan de La Rambla;40,3
   San Juan de La Rambla;40,3
   San Juan de La Rambla;39,6
   San Juan de La Rambla;39,1
   San Juan de La Rambla;38,7
   San Juan de La Rambla;38,5
   San Juan de La Rambla;38,1
   San Juan de La Rambla;37,9
   San Juan de La Rambla;38
   San Juan de La Rambla;38,6
   San Miguel;37,5
   San Miguel;37,2
   San Miguel;36,9
   San Miguel;37
   San Miguel;37
   San Miguel;37,9
   San Miguel;37,4
   San Miguel;36,9
   San Miguel;36,4
   San Miguel;36,2
   San Miguel;36,2
   San Miguel;36,3
   San Miguel;35,9
   San Miguel;35,3
   San Miguel;34,8
   San Miguel;34,6
   San Miguel;34,1
   San Miguel;34
   Santa Cruz de Tenerife;43
   Santa Cruz de Tenerife;42,7
   Santa Cruz de Tenerife;42,4
   Santa Cruz de Tenerife;42,1
   Santa Cruz de Tenerife;41,8
   Santa Cruz de Tenerife;41,4
   Santa Cruz de Tenerife;40,8
   Santa Cruz de Tenerife;40,5
   Santa Cruz de Tenerife;40,2
   Santa Cruz de Tenerife;39,8
   Santa Cruz de Tenerife;39,6
   Santa Cruz de Tenerife;39,2
   Santa Cruz de Tenerife;39
   Santa Cruz de Tenerife;38,6
   Santa Cruz de Tenerife;38,2
   Santa Cruz de Tenerife;38
   Santa Cruz de Tenerife;38,2
   Santa Cruz de Tenerife;37,4
   Santa Úrsula;40,5
   Santa Úrsula;40,2
   Santa Úrsula;39,9
   Santa Úrsula;39,5
   Santa Úrsula;39,4
   Santa Úrsula;39,1
   Santa Úrsula;38,9
   Santa Úrsula;38,6
   Santa Úrsula;38,2
   Santa Úrsula;37,7
   Santa Úrsula;37,5
   Santa Úrsula;37,3
   Santa Úrsula;36,9
   Santa Úrsula;36,4
   Santa Úrsula;36,3
   Santa Úrsula;36,2
   Santa Úrsula;36,6
   Santa Úrsula;35,7
   Santiago del Teide;43,7
   Santiago del Teide;46,2
   Santiago del Teide;45,4
   Santiago del Teide;45,2
   Santiago del Teide;48,5
   Santiago del Teide;48,1
   Santiago del Teide;47,6
   Santiago del Teide;46,9
   Santiago del Teide;46,2
   Santiago del Teide;45,6
   Santiago del Teide;45,3
   Santiago del Teide;44,6
   Santiago del Teide;44,1
   Santiago del Teide;43,8
   Santiago del Teide;43,4
   Santiago del Teide;42,8
   Santiago del Teide;42,1
   Santiago del Teide;41,5
   Sauzal (El);41,7
   Sauzal (El);41,3
   Sauzal (El);41,1
   Sauzal (El);40,7
   Sauzal (El);40,6
   Sauzal (El);40,3
   Sauzal (El);40
   Sauzal (El);39,9
   Sauzal (El);39,1
   Sauzal (El);38,7
   Sauzal (El);38,4
   Sauzal (El);38,4
   Sauzal (El);38,2
   Sauzal (El);37,9
   Sauzal (El);38
   Sauzal (El);37,8
   Sauzal (El);38,2
   Sauzal (El);37,3
   Silos (Los);46,3
   Silos (Los);46,1
   Silos (Los);46,1
   Silos (Los);45,5
   Silos (Los);46,6
   Silos (Los);46,3
   Silos (Los);45,9
   Silos (Los);45,5
   Silos (Los);45,2
   Silos (Los);44,8
   Silos (Los);44,2
   Silos (Los);44,3
   Silos (Los);43,9
   Silos (Los);43,4
   Silos (Los);43,1
   Silos (Los);42
   Silos (Los);41,5
   Silos (Los);41,1
   Tacoronte;41,3
   Tacoronte;41
   Tacoronte;40,6
   Tacoronte;40,2
   Tacoronte;39,8
   Tacoronte;39,5
   Tacoronte;39,1
   Tacoronte;38,9
   Tacoronte;38,4
   Tacoronte;38
   Tacoronte;37,7
   Tacoronte;37,5
   Tacoronte;37,3
   Tacoronte;36,9
   Tacoronte;36,7
   Tacoronte;36,6
   Tacoronte;36,4
   Tacoronte;35,9
   Tanque (El);43,6
   Tanque (El);43,4
   Tanque (El);43,1
   Tanque (El);42,9
   Tanque (El);42,5
   Tanque (El);41,9
   Tanque (El);42,1
   Tanque (El);42
   Tanque (El);41,5
   Tanque (El);41,3
   Tanque (El);41,1
   Tanque (El);40,7
   Tanque (El);40,3
   Tanque (El);39,6
   Tanque (El);39,3
   Tanque (El);39,2
   Tanque (El);39
   Tanque (El);38,3
   Tegueste;41,8
   Tegueste;41,4
   Tegueste;41
   Tegueste;40,6
   Tegueste;40,3
   Tegueste;40
   Tegueste;39,6
   Tegueste;39,4
   Tegueste;39
   Tegueste;38,4
   Tegueste;38,1
   Tegueste;37,8
   Tegueste;37,6
   Tegueste;37,1
   Tegueste;36,7
   Tegueste;36,5
   Tegueste;36,2
   Tegueste;36
   Victoria de Acentejo (La);41,5
   Victoria de Acentejo (La);41,2
   Victoria de Acentejo (La);40,9
   Victoria de Acentejo (La);40,7
   Victoria de Acentejo (La);40,6
   Victoria de Acentejo (La);40,2
   Victoria de Acentejo (La);39,7
   Victoria de Acentejo (La);39,4
   Victoria de Acentejo (La);38,9
   Victoria de Acentejo (La);38,7
   Victoria de Acentejo (La);38,7
   Victoria de Acentejo (La);38,5
   Victoria de Acentejo (La);38,1
   Victoria de Acentejo (La);37,6
   Victoria de Acentejo (La);37,5
   Victoria de Acentejo (La);37,2
   Victoria de Acentejo (La);36,8
   Victoria de Acentejo (La);36,3
   Vilaflor;45,4
   Vilaflor;45,2
   Vilaflor;44,7
   Vilaflor;44,3
   Vilaflor;43,8
   Vilaflor;43,5
   Vilaflor;43,1
   Vilaflor;42,6
   Vilaflor;42
   Vilaflor;41,6
   Vilaflor;40,9
   Vilaflor;40,7
   Vilaflor;40,7
   Vilaflor;39,9
   Vilaflor;40,4
   Vilaflor;40,1
   Vilaflor;40,5
   Vilaflor;40,3
   Agulo;50,2
   Agulo;49,9
   Agulo;50
   Agulo;50,2
   Agulo;50
   Agulo;49,6
   Agulo;49,3
   Agulo;49,1
   Agulo;48,6
   Agulo;48,5
   Agulo;48,3
   Agulo;47,2
   Agulo;46,9
   Agulo;46,5
   Agulo;46,3
   Agulo;45,7
   Agulo;44,7
   Agulo;44,3
   Alajeró;44,3
   Alajeró;43,8
   Alajeró;43,1
   Alajeró;42,5
   Alajeró;42,4
   Alajeró;41,9
   Alajeró;41,7
   Alajeró;41,1
   Alajeró;41
   Alajeró;40,8
   Alajeró;40,7
   Alajeró;39,8
   Alajeró;39,8
   Alajeró;39,8
   Alajeró;39,1
   Alajeró;39,8
   Alajeró;39,2
   Alajeró;39,2
   Hermigua;48,5
   Hermigua;47,9
   Hermigua;47,7
   Hermigua;47,4
   Hermigua;47
   Hermigua;46,8
   Hermigua;46,4
   Hermigua;46,1
   Hermigua;45,6
   Hermigua;45,6
   Hermigua;45,2
   Hermigua;45,3
   Hermigua;44,9
   Hermigua;44,5
   Hermigua;44,1
   Hermigua;43,8
   Hermigua;43,4
   Hermigua;42,9
   San Sebastián de La Gomera;42,2
   San Sebastián de La Gomera;41,9
   San Sebastián de La Gomera;41,8
   San Sebastián de La Gomera;41,3
   San Sebastián de La Gomera;41
   San Sebastián de La Gomera;40,5
   San Sebastián de La Gomera;40
   San Sebastián de La Gomera;39,4
   San Sebastián de La Gomera;39
   San Sebastián de La Gomera;38,8
   San Sebastián de La Gomera;38,4
   San Sebastián de La Gomera;37,9
   San Sebastián de La Gomera;37,5
   San Sebastián de La Gomera;36,9
   San Sebastián de La Gomera;37,4
   San Sebastián de La Gomera;36,9
   San Sebastián de La Gomera;36
   San Sebastián de La Gomera;36,2
   Valle Gran Rey;46
   Valle Gran Rey;45,4
   Valle Gran Rey;45,1
   Valle Gran Rey;44,9
   Valle Gran Rey;44,3
   Valle Gran Rey;44,4
   Valle Gran Rey;43,9
   Valle Gran Rey;43,4
   Valle Gran Rey;42,7
   Valle Gran Rey;42
   Valle Gran Rey;41,7
   Valle Gran Rey;41,5
   Valle Gran Rey;41,4
   Valle Gran Rey;40,9
   Valle Gran Rey;40,9
   Valle Gran Rey;40,8
   Valle Gran Rey;40,3
   Valle Gran Rey;40,2
   Vallehermoso;51,2
   Vallehermoso;51,4
   Vallehermoso;51,1
   Vallehermoso;50,8
   Vallehermoso;50,2
   Vallehermoso;49,6
   Vallehermoso;49,3
   Vallehermoso;49,1
   Vallehermoso;48,9
   Vallehermoso;48,4
   Vallehermoso;48,3
   Vallehermoso;48,2
   Vallehermoso;47,6
   Vallehermoso;46,6
   Vallehermoso;46,2
   Vallehermoso;45,8
   Vallehermoso;45,9
   Vallehermoso;45,2
   Barlovento;48,9
   Barlovento;48,9
   Barlovento;48,3
   Barlovento;48,1
   Barlovento;47,8
   Barlovento;47,8
   Barlovento;47,5
   Barlovento;47
   Barlovento;46,2
   Barlovento;45,8
   Barlovento;45,5
   Barlovento;45,1
   Barlovento;44,4
   Barlovento;44,8
   Barlovento;44,4
   Barlovento;44,3
   Barlovento;44,2
   Barlovento;43,9
   Breña Alta;42,5
   Breña Alta;42,1
   Breña Alta;41,7
   Breña Alta;41,1
   Breña Alta;40,8
   Breña Alta;40,6
   Breña Alta;40,1
   Breña Alta;39,5
   Breña Alta;39,1
   Breña Alta;38,9
   Breña Alta;38,5
   Breña Alta;38,1
   Breña Alta;37,9
   Breña Alta;37,6
   Breña Alta;37,8
   Breña Alta;37,8
   Breña Alta;38
   Breña Alta;38,2
   Breña Baja;41,5
   Breña Baja;41,2
   Breña Baja;40,9
   Breña Baja;40,7
   Breña Baja;40,4
   Breña Baja;39,6
   Breña Baja;39,6
   Breña Baja;39,3
   Breña Baja;39
   Breña Baja;38,7
   Breña Baja;38,8
   Breña Baja;38,9
   Breña Baja;38,6
   Breña Baja;38,5
   Breña Baja;38,3
   Breña Baja;37,9
   Breña Baja;38,3
   Breña Baja;38,3
   Fuencaliente;45,8
   Fuencaliente;45,8
   Fuencaliente;46
   Fuencaliente;45,7
   Fuencaliente;45,4
   Fuencaliente;45
   Fuencaliente;44,2
   Fuencaliente;44,3
   Fuencaliente;43,6
   Fuencaliente;43,3
   Fuencaliente;43,1
   Fuencaliente;43,2
   Fuencaliente;42,9
   Fuencaliente;42,7
   Fuencaliente;42,4
   Fuencaliente;42,6
   Fuencaliente;41,9
   Fuencaliente;41,3
   Garafía;50,6
   Garafía;50,7
   Garafía;51,2
   Garafía;51
   Garafía;50,6
   Garafía;50,3
   Garafía;49,9
   Garafía;49,4
   Garafía;48,4
   Garafía;47,7
   Garafía;47,7
   Garafía;47,5
   Garafía;46,9
   Garafía;46,6
   Garafía;46,1
   Garafía;45,6
   Garafía;45,2
   Garafía;44,4
   Llanos de Aridane (Los);42,5
   Llanos de Aridane (Los);42,3
   Llanos de Aridane (Los);42,1
   Llanos de Aridane (Los);41,8
   Llanos de Aridane (Los);41,7
   Llanos de Aridane (Los);41,2
   Llanos de Aridane (Los);40,9
   Llanos de Aridane (Los);40,8
   Llanos de Aridane (Los);40,4
   Llanos de Aridane (Los);40
   Llanos de Aridane (Los);39,7
   Llanos de Aridane (Los);39,5
   Llanos de Aridane (Los);39
   Llanos de Aridane (Los);38,6
   Llanos de Aridane (Los);38,3
   Llanos de Aridane (Los);38,1
   Llanos de Aridane (Los);37,8
   Llanos de Aridane (Los);37,6
   Paso (El);43,7
   Paso (El);43,3
   Paso (El);43,1
   Paso (El);42,9
   Paso (El);42,9
   Paso (El);42,7
   Paso (El);42,3
   Paso (El);42,3
   Paso (El);41,9
   Paso (El);41,5
   Paso (El);41,3
   Paso (El);41,2
   Paso (El);40,7
   Paso (El);40,5
   Paso (El);40,8
   Paso (El);40,6
   Paso (El);40,6
   Paso (El);39,9
   Puntagorda;44,7
   Puntagorda;44
   Puntagorda;43,5
   Puntagorda;43,4
   Puntagorda;42,8
   Puntagorda;42,7
   Puntagorda;43,7
   Puntagorda;43,5
   Puntagorda;43,1
   Puntagorda;43,4
   Puntagorda;42,5
   Puntagorda;42,5
   Puntagorda;43,1
   Puntagorda;43,1
   Puntagorda;42,1
   Puntagorda;41,6
   Puntagorda;41,5
   Puntagorda;41,1
   Puntallana;46,1
   Puntallana;45,7
   Puntallana;45,5
   Puntallana;45
   Puntallana;44,9
   Puntallana;44,9
   Puntallana;44,8
   Puntallana;44,4
   Puntallana;43,7
   Puntallana;43,5
   Puntallana;43,3
   Puntallana;43,7
   Puntallana;42,7
   Puntallana;42,8
   Puntallana;42,2
   Puntallana;42,7
   Puntallana;43
   Puntallana;43,3
   San Andrés y Sauces;48,9
   San Andrés y Sauces;48,3
   San Andrés y Sauces;47,9
   San Andrés y Sauces;47,6
   San Andrés y Sauces;47,2
   San Andrés y Sauces;46,5
   San Andrés y Sauces;46,1
   San Andrés y Sauces;46
   San Andrés y Sauces;45,6
   San Andrés y Sauces;44,9
   San Andrés y Sauces;44,6
   San Andrés y Sauces;44,2
   San Andrés y Sauces;43,8
   San Andrés y Sauces;43,7
   San Andrés y Sauces;43,1
   San Andrés y Sauces;42,4
   San Andrés y Sauces;42
   San Andrés y Sauces;41,5
   Santa Cruz de La Palma;44,7
   Santa Cruz de La Palma;44,3
   Santa Cruz de La Palma;44
   Santa Cruz de La Palma;43,5
   Santa Cruz de La Palma;43
   Santa Cruz de La Palma;42,6
   Santa Cruz de La Palma;42,2
   Santa Cruz de La Palma;41,8
   Santa Cruz de La Palma;41,3
   Santa Cruz de La Palma;40,8
   Santa Cruz de La Palma;40,3
   Santa Cruz de La Palma;39,9
   Santa Cruz de La Palma;39,7
   Santa Cruz de La Palma;39,2
   Santa Cruz de La Palma;38,7
   Santa Cruz de La Palma;38,4
   Santa Cruz de La Palma;38,1
   Santa Cruz de La Palma;37,7
   Tazacorte;45,1
   Tazacorte;44,8
   Tazacorte;44,6
   Tazacorte;44,6
   Tazacorte;44,8
   Tazacorte;44,4
   Tazacorte;44,9
   Tazacorte;44,2
   Tazacorte;43,5
   Tazacorte;43,2
   Tazacorte;42,6
   Tazacorte;42,8
   Tazacorte;42,2
   Tazacorte;41,9
   Tazacorte;41,8
   Tazacorte;42
   Tazacorte;41,9
   Tazacorte;41,1
   Tijarafe;46,8
   Tijarafe;47
   Tijarafe;46,7
   Tijarafe;46
   Tijarafe;46
   Tijarafe;45,6
   Tijarafe;45,1
   Tijarafe;45
   Tijarafe;44,6
   Tijarafe;43,8
   Tijarafe;43,3
   Tijarafe;43,1
   Tijarafe;42,7
   Tijarafe;42,3
   Tijarafe;41,9
   Tijarafe;41,3
   Tijarafe;41,2
   Tijarafe;41,1
   Villa de Mazo;44,2
   Villa de Mazo;43,8
   Villa de Mazo;43,8
   Villa de Mazo;43,5
   Villa de Mazo;43,7
   Villa de Mazo;44
   Villa de Mazo;43,8
   Villa de Mazo;43,8
   Villa de Mazo;43,6
   Villa de Mazo;43
   Villa de Mazo;42,6
   Villa de Mazo;42,2
   Villa de Mazo;43
   Villa de Mazo;42
   Villa de Mazo;41,7
   Villa de Mazo;41,5
   Villa de Mazo;41,4
   Villa de Mazo;